id,name,surname,phone,email,birth_date,country,city,postal_code,address
201,Iola,Powers,018-139-4717,ante.blandit@outlook.edu,"Mar 20, 2000",Canada,Rigolet,V6T 6M7,154-5415 Auctor St.
202,Maxwell,Holden,045-402-7693,donec@hotmail.edu,"Dec 2, 1986",Canada,Murdochville,S7E 6E0,Ap #880-6372 Ultrices. St.
203,Jarrod,Fields,010-741-8105,sit.amet@google.couk,"Jan 6, 1982",Canada,Baddeck,K3X 6Z5,441-8969 Rhoncus Road
204,Emerson,Sharp,068-138-9383,ante.iaculis@outlook.ca,"Oct 15, 1994",Canada,Maple Creek,Y2C 9E6,"517-6759 Ut, Av."
205,Sonya,Mckee,041-151-9737,magna.phasellus.dolor@google.ca,"May 7, 1983",Canada,Dieppe,E7S 4P8,Ap #916-8051 A St.
206,Harper,Hart,030-656-1670,fringilla.donec@outlook.net,"Nov 17, 2000",Canada,Qu√©bec City,B4K 0J6,8588 Massa. Ave
207,Yvonne,Hatfield,003-854-1445,magna.et.ipsum@google.edu,"Sep 22, 1981",Canada,Rae-Edzo,20Y 8L2,Ap #636-8055 Egestas St.
208,Burke,Graham,064-568-4454,vel@yahoo.org,"Feb 23, 1993",Canada,Annapolis Royal,S4Y 8V5,Ap #983-6042 Amet Street
209,Athena,Malone,027-280-8275,pellentesque.tincidunt@yahoo.ca,"Dec 14, 1991",Canada,Cambridge Bay,93Z 5S5,Ap #388-8542 Est St.
210,Slade,Poole,084-771-1363,amet@icloud.com,"Feb 16, 2001",Canada,Ottawa,A1S 9W6,601-6142 Etiam St.
211,Larissa,Carpenter,066-617-3711,congue@aol.org,"Jan 21, 1998",Canada,Cumberland,S5Y 2L8,7285 Sed St.
212,Zeph,Schmidt,056-157-7412,vestibulum.lorem@hotmail.ca,"Apr 10, 1986",Canada,Fort Smith,V3G 8B3,4756 Tempor Rd.
213,Blake,Strickland,067-339-3024,ac.libero.nec@yahoo.com,"Apr 15, 1983",Canada,Mission,R0V 9R2,"P.O. Box 207, 6843 Imperdiet Avenue"
214,Cleo,George,026-867-1198,pellentesque.habitant@outlook.net,"Dec 24, 1998",Canada,Kakisa,R6W 8G7,Ap #266-9424 Orci St.
215,Keegan,Watson,058-771-3718,interdum.enim.non@protonmail.edu,"May 2, 1996",Canada,Oxford County,S7H 0G4,270-2964 Aliquet Avenue
216,Tana,Stout,035-569-5523,et.magnis.dis@aol.net,"Jun 28, 1983",Canada,Municipal District,D6Y 8V7,7884 Vulputate Rd.
217,Avye,Key,016-727-3427,non.dui@yahoo.net,"Mar 16, 1987",Canada,Marystown,37N 1N0,"P.O. Box 712, 8627 Mi Rd."
218,Sonia,Dejesus,091-540-1865,ipsum.porta@google.edu,"Jun 13, 1997",Canada,Fredericton,H6H 1C1,231-8704 Tempor Ave
219,Ivan,Saunders,036-230-9218,egestas.blandit.nam@icloud.org,"Jul 7, 1985",Canada,Houston,b5M 0E6,350-1489 Sit Road
220,Martha,Roth,077-482-6236,semper.rutrum@yahoo.edu,"Apr 5, 1994",Canada,Gander,A3X 8E4,Ap #179-4366 Pellentesque St.
221,Sasha,Emerson,024-226-4281,tempor.augue.ac@icloud.couk,"Aug 24, 1981",Canada,Watson Lake,H3X 9N3,885-8605 Egestas Rd.
222,Theodore,Barry,098-447-1583,at.pede.cras@google.ca,"Feb 16, 1983",Canada,Ucluelet,B2C 5H2,786-2757 Diam Rd.
223,Linus,Willis,056-347-2535,ultrices.posuere@yahoo.couk,"Mar 23, 1992",Canada,Lourdes,B0R 4L1,6491 Cursus St.
224,Raymond,Oneil,001-668-7183,lorem@outlook.ca,"Jan 21, 1987",Canada,Watson Lake,E9K 1S7,172 Enim. St.
225,Ursa,Kelly,007-454-7455,vitae.diam@icloud.ca,"Aug 21, 1996",Canada,West Vancouver,T0G 8G4,540-895 Bibendum. Avenue
226,Willa,Rowland,011-259-1714,sociosqu.ad.litora@outlook.net,"Feb 19, 2001",Canada,Paulatuk,S4T 5M8,"Ap #728-8176 A, St."
227,Idola,Bowen,039-398-2123,gravida.molestie.arcu@outlook.org,"Jan 18, 1991",Canada,Dieppe,S1Y 5T7,Ap #685-1370 Curabitur Av.
228,Leonard,Davenport,033-159-5147,venenatis@yahoo.net,"Oct 30, 1989",Canada,Beauport,27C 8H7,"P.O. Box 293, 261 Donec Ave"
229,Wade,Russell,002-612-8695,ipsum@yahoo.org,"Oct 13, 1987",Canada,Guysborough,66A 5X8,579-6807 Tellus Road
230,Dean,Donovan,064-828-4927,dolor.elit@outlook.org,"Jan 31, 1989",Canada,Cornwall,b3C 9X8,346-6657 Diam Rd.
231,Zoe,Morrow,039-828-3280,lacinia@google.com,"Oct 25, 1987",Canada,Town of Yarmouth,S1A 9G5,Ap #672-8013 Natoque St.
232,Elijah,Stone,035-145-1918,in@yahoo.net,"Jan 24, 1988",Canada,Shawinigan,74W 5N4,Ap #210-4430 Donec Road
233,Griffith,Golden,056-674-6383,nunc@yahoo.org,"Dec 4, 1989",Canada,Municipal District,53S 8R5,190-7471 Dolor. Street
234,Camilla,Roach,011-421-2427,tristique.senectus@hotmail.edu,"Feb 27, 1993",Canada,Brandon,R2E 1C9,Ap #858-5803 Praesent Street
235,Medge,Nieves,044-518-5071,ac@icloud.couk,"Jun 11, 1993",Canada,Ponoka,H7R 2T8,561-787 Pellentesque Street
236,Gemma,Calderon,049-527-1060,in.faucibus.morbi@aol.edu,"Nov 12, 1989",Canada,Champlain,S4J 1P5,983-9057 Integer Av.
237,Drake,Walsh,048-338-9721,libero.integer@google.edu,"Jan 22, 1984",Canada,Flin Flon,f8T 7B4,"P.O. Box 511, 7500 Interdum Ave"
238,Chester,Haynes,059-783-3104,ut@protonmail.edu,"Sep 13, 1988",Canada,Cochrane,74M 8T1,"P.O. Box 284, 9364 Ultrices St."
239,Melissa,Cameron,012-127-5563,quisque.varius@protonmail.ca,"Feb 21, 1992",Canada,Beausejour,B0K 2P6,Ap #147-7582 Ante St.
240,Jada,Porter,074-247-8256,condimentum.donec@aol.ca,"Sep 8, 1987",Canada,North Vancouver,R5L 6C1,"P.O. Box 557, 8889 Erat Rd."
241,Xandra,Spencer,016-322-6574,cursus.in@outlook.net,"Jun 22, 1989",Canada,Fraser-Fort George,P1B 8C8,"P.O. Box 848, 3751 Ante, Road"
242,Neville,Donovan,027-122-5812,ac@protonmail.edu,"May 21, 1988",Canada,Cape Breton Island,R8H 1V7,326-1559 Nunc. Avenue
243,Alan,Vazquez,084-548-5311,sapien.gravida.non@protonmail.couk,"Jun 17, 1996",Canada,Fort Good Hope,41T 4T0,697-3023 Donec Road
244,Andrew,Strong,037-676-0570,nulla.at@google.ca,"May 17, 1997",Canada,Watson Lake,Z1B 9R8,"P.O. Box 961, 5209 Ridiculus Av."
245,Iola,Griffith,081-781-2806,magna@protonmail.couk,"May 5, 1995",Canada,Penticton,A2E 1B5,"P.O. Box 912, 8949 Quis Avenue"
246,Lewis,Lynn,061-978-2835,consectetuer.adipiscing@outlook.edu,"Jun 13, 1979",Canada,Neuville,20N 5E1,Ap #549-4391 Dapibus St.
247,Olga,Case,083-633-4683,turpis@yahoo.edu,"Jul 4, 1991",Canada,Lions Bay,N1J 8P7,"P.O. Box 140, 3589 Vestibulum. Ave"
248,Allen,Calhoun,024-836-3222,ipsum.non@outlook.ca,"Nov 1, 1987",Canada,Cambridge Bay,N7J 8S7,Ap #698-8629 Nulla Street
249,Rhea,Harvey,052-042-5654,proin@protonmail.org,"Jul 2, 1997",Canada,Weyburn,j7L 2S9,910-7903 Habitant Avenue
250,Hilda,Levy,088-867-5267,et.libero@yahoo.org,"Dec 21, 1994",Canada,Baddeck,B4R 5C5,"P.O. Box 306, 6953 At Street"
251,Zane,Collier,098-548-1455,in.aliquet.lobortis@icloud.com,"Aug 25, 1980",Canada,Beaconsfield,H4Y 6Y2,"P.O. Box 309, 103 Neque Street"
252,Zephania,Collins,031-817-1549,urna.vivamus@icloud.ca,"Jun 29, 1994",Canada,Arviat,Y8X 0E8,237-5532 Donec St.
253,Keane,Parks,048-303-4775,consectetuer.adipiscing@google.edu,"Oct 2, 1986",Canada,Town of Yarmouth,T2R 4Z7,793-2776 Ornare St.
254,John,Cotton,085-253-4901,diam@yahoo.org,"Sep 26, 1983",Canada,Colwood,53K 8S9,Ap #324-6329 Ipsum Road
255,Blaze,Daniel,087-870-8309,felis@protonmail.org,"Oct 11, 1998",Canada,Swan Hills,Y1N 5X1,"811-6644 Id, Road"
256,Lane,Paul,044-254-6877,nec.euismod@aol.edu,"Aug 10, 1983",Canada,Saskatoon,T3J 3X5,"P.O. Box 850, 1002 Purus. Av."
257,Heather,Burks,053-588-8671,primis.in@protonmail.com,"Oct 13, 1994",Canada,Dieppe,86W 9G5,"Ap #966-2226 Congue, Street"
258,Stone,Robbins,076-226-5738,tempus.eu.ligula@google.edu,"Jun 26, 1980",Canada,Caledon,R4R 6Y3,Ap #169-3524 Quam Street
259,Slade,Downs,034-228-4880,nunc@protonmail.net,"May 28, 1994",Canada,Minitonas,T2Y 5Z1,Ap #219-2963 Tristique Road
260,Grace,Rowe,071-756-4297,convallis.convallis@hotmail.edu,"Mar 25, 1987",Canada,Abbotsford,Y7S 3W6,Ap #417-5793 Tincidunt Rd.
261,Violet,Weber,019-661-3744,aliquet.metus@hotmail.couk,"Sep 23, 1984",Canada,Ucluelet,W4C 3H8,102-5355 Aliquet. Av.
262,Brett,Kirby,076-166-2169,auctor.nunc.nulla@outlook.org,"Dec 12, 1988",Canada,Banff,S6V 7V5,Ap #431-3047 Adipiscing Rd.
263,Ima,Hendricks,065-953-8795,diam.proin@icloud.net,"Nov 6, 1990",Canada,Whitehorse,78V 0B5,"Ap #750-483 Lorem, Rd."
264,Keiko,Guerra,034-741-6314,blandit@outlook.ca,"Dec 12, 1993",Canada,Bathurst,T7C 9N8,Ap #243-4259 Lectus Street
265,Chloe,Keith,022-178-1548,arcu.eu@protonmail.org,"Jan 10, 1999",Canada,Oliver,B5T 7L6,"P.O. Box 289, 3192 Cursus St."
266,Aiko,Chaney,026-660-1876,ante.ipsum.primis@protonmail.ca,"Oct 16, 1986",Canada,Vancouver,R8S 1E1,821-3499 Sapien. Ave
267,Ocean,Nelson,079-481-2745,aenean@yahoo.com,"Dec 26, 1991",Canada,Charlottetown,85X 3P4,"Ap #732-8357 Pede, Rd."
268,Clark,Olson,029-086-1867,nunc@icloud.net,"Mar 15, 1987",Canada,Montague,S3Y 1W6,1315 Est Rd.
269,Haley,Fitzpatrick,055-871-6664,in.aliquet@outlook.org,"Jan 10, 1996",Canada,Pangnirtung,R0Y 1E3,"P.O. Box 914, 451 Nam Rd."
270,Elton,Roberson,096-325-5107,tristique.pharetra@google.net,"Oct 12, 1990",Canada,McCallum,R0V 4P6,2857 Natoque Road
271,Leandra,Cherry,089-285-7016,lobortis.quis@hotmail.ca,"Sep 2, 1991",Canada,Gander,H6S 6M9,554-9293 Sollicitudin Av.
272,Hedwig,Gilbert,064-204-8788,sem.eget@icloud.edu,"Apr 16, 1991",Canada,Tuktoyaktuk,Q4C 3G7,"P.O. Box 496, 5145 Sapien Road"
273,Hilary,Ferguson,060-710-1604,sapien.molestie.orci@google.edu,"Nov 3, 1981",Canada,Pangnirtung,12T 5G4,Ap #736-4628 Cras St.
274,Jameson,Hunt,024-732-2321,fringilla@protonmail.com,"Jan 29, 1982",Canada,Township of Minden Hills,B6V 6N4,224-4927 Praesent Ave
275,Kenyon,Hartman,082-871-7248,convallis.ante.lectus@yahoo.com,"Aug 3, 1982",Canada,Richmond,R8H 2K2,8564 Facilisi. St.
